#x,y,i
5.2E-5,2.6E-5,1.0361993714131821E-9
5.2E-5,3.4E-5,1.0385835816018766E-9
5.2E-5,4.2E-5,1.0412653094290812E-9
5.2E-5,4.9999999999999996E-5,1.0445622091014119E-9
5.2E-5,5.8E-5,1.0498192099293015E-9
5.2E-5,6.599999999999999E-5,1.0586620959494752E-9
5.2E-5,7.4E-5,1.080540313856827E-9
5.2E-5,8.2E-5,1.1261370133061234E-9
5.2E-5,8.999999999999999E-5,1.162949203413299E-9
5.2E-5,9.8E-5,1.1435704853504113E-9
5.2E-5,1.06E-4,1.1043440115166168E-9
5.2E-5,1.1399999999999999E-4,1.0748855262308915E-9
5.2E-5,1.22E-4,1.0573443034708756E-9
5.2E-5,1.3E-4,1.047035123139395E-9
5.2E-5,1.38E-4,1.0411064627615022E-9
5.9999999999999995E-5,2.6E-5,1.0394177357522642E-9
5.9999999999999995E-5,3.4E-5,1.0426345446017754E-9
5.9999999999999995E-5,4.2E-5,1.0464464261443458E-9
5.9999999999999995E-5,4.9999999999999996E-5,1.0516132812013555E-9
5.9999999999999995E-5,5.8E-5,1.060471257700986E-9
5.9999999999999995E-5,6.599999999999999E-5,1.0813123267945789E-9
5.9999999999999995E-5,7.4E-5,1.1577325955122793E-9
5.9999999999999995E-5,8.2E-5,1.4257517650609316E-9
5.9999999999999995E-5,8.999999999999999E-5,1.6254366526779125E-9
5.9999999999999995E-5,9.8E-5,1.5351464350399954E-9
5.9999999999999995E-5,1.06E-4,1.3320294039468456E-9
5.9999999999999995E-5,1.1399999999999999E-4,1.1587592096532902E-9
5.9999999999999995E-5,1.22E-4,1.082650874198861E-9
5.9999999999999995E-5,1.3E-4,1.0562782311726542E-9
5.9999999999999995E-5,1.38E-4,1.0454061148922965E-9
6.8E-5,2.6E-5,1.0441739246558872E-9
6.8E-5,3.4E-5,1.0498314580524719E-9
6.8E-5,4.2E-5,1.0563076823122366E-9
6.8E-5,4.9999999999999996E-5,1.065418556915605E-9
6.8E-5,5.8E-5,1.0827287352296802E-9
6.8E-5,6.599999999999999E-5,1.1233005805360254E-9
6.8E-5,7.4E-5,1.2993966048081972E-9
6.8E-5,8.2E-5,1.7929471847739796E-9
6.8E-5,8.999999999999999E-5,1.973311133735743E-9
6.8E-5,9.8E-5,1.957347057894772E-9
6.8E-5,1.06E-4,1.8323175950872207E-9
6.8E-5,1.1399999999999999E-4,1.4554895870034976E-9
6.8E-5,1.22E-4,1.1452543691501306E-9
6.8E-5,1.3E-4,1.0700629265805676E-9
6.8E-5,1.38E-4,1.0506258355916309E-9
7.599999999999999E-5,2.6E-5,1.0533709678001355E-9
7.599999999999999E-5,3.4E-5,1.06717451300935E-9
7.599999999999999E-5,4.2E-5,1.0838679165089783E-9
7.599999999999999E-5,4.9999999999999996E-5,1.1011784484050711E-9
7.599999999999999E-5,5.8E-5,1.1234497422290782E-9
7.599999999999999E-5,6.599999999999999E-5,1.1794478463679412E-9
7.599999999999999E-5,7.4E-5,1.4406522006050254E-9
7.599999999999999E-5,8.2E-5,1.9145338829681738E-9
7.599999999999999E-5,8.999999999999999E-5,1.988247623008329E-9
7.599999999999999E-5,9.8E-5,1.9885716785257622E-9
7.599999999999999E-5,1.06E-4,1.9774611798114928E-9
7.599999999999999E-5,1.1399999999999999E-4,1.7144435692836603E-9
7.599999999999999E-5,1.22E-4,1.2324313140986525E-9
7.599999999999999E-5,1.3E-4,1.0894182055238792E-9
7.599999999999999E-5,1.38E-4,1.056741649513946E-9
8.4E-5,2.6E-5,1.0743559832338674E-9
8.4E-5,3.4E-5,1.1355123252670375E-9
8.4E-5,4.2E-5,1.2159095138524929E-9
8.4E-5,4.9999999999999996E-5,1.2175020559393446E-9
8.4E-5,5.8E-5,1.2081182552933248E-9
8.4E-5,6.599999999999999E-5,1.2969219073111983E-9
8.4E-5,7.4E-5,1.6633878968222644E-9
8.4E-5,8.2E-5,1.9691390731776494E-9
8.4E-5,8.999999999999999E-5,1.9889333194040945E-9
8.4E-5,9.8E-5,1.9849661289720477E-9
8.4E-5,1.06E-4,1.917383820835592E-9
8.4E-5,1.1399999999999999E-4,1.6361345188662475E-9
8.4E-5,1.22E-4,1.2928572959513953E-9
8.4E-5,1.3E-4,1.1205350412438391E-9
8.4E-5,1.38E-4,1.0648591018783968E-9
9.2E-5,2.6E-5,1.1201747606553746E-9
9.2E-5,3.4E-5,1.3865247410044941E-9
9.2E-5,4.2E-5,1.6951801022049872E-9
9.2E-5,4.9999999999999996E-5,1.6448363865473412E-9
9.2E-5,5.8E-5,1.5245712405840093E-9
9.2E-5,6.599999999999999E-5,1.6589454927438775E-9
9.2E-5,7.4E-5,1.932366536823659E-9
9.2E-5,8.2E-5,1.987900278544689E-9
9.2E-5,8.999999999999999E-5,1.9848357893027976E-9
9.2E-5,9.8E-5,1.8981548754853044E-9
9.2E-5,1.06E-4,1.6884441774347235E-9
9.2E-5,1.1399999999999999E-4,1.5242814683227167E-9
9.2E-5,1.22E-4,1.3610265395232955E-9
9.2E-5,1.3E-4,1.169399844967146E-9
9.2E-5,1.38E-4,1.076687688670181E-9
9.999999999999999E-5,2.6E-5,1.1813378227696617E-9
9.999999999999999E-5,3.4E-5,1.6507436290774352E-9
9.999999999999999E-5,4.2E-5,1.969524090866813E-9
9.999999999999999E-5,4.9999999999999996E-5,1.972280079141249E-9
9.999999999999999E-5,5.8E-5,1.9445291270809977E-9
9.999999999999999E-5,6.599999999999999E-5,1.9653548123783537E-9
9.999999999999999E-5,7.4E-5,1.987817886090257E-9
9.999999999999999E-5,8.2E-5,1.989044929252369E-9
9.999999999999999E-5,8.999999999999999E-5,1.9568582703999366E-9
9.999999999999999E-5,9.8E-5,1.7157234867205953E-9
9.999999999999999E-5,1.06E-4,1.5586723807730212E-9
9.999999999999999E-5,1.1399999999999999E-4,1.5093935555152015E-9
9.999999999999999E-5,1.22E-4,1.4148742113929962E-9
9.999999999999999E-5,1.3E-4,1.2197088874406169E-9
9.999999999999999E-5,1.38E-4,1.0905657775012269E-9
1.08E-4,2.6E-5,1.2141188543213681E-9
1.08E-4,3.4E-5,1.7349385971004852E-9
1.08E-4,4.2E-5,1.982013728598584E-9
1.08E-4,4.9999999999999996E-5,1.9861103330487755E-9
1.08E-4,5.8E-5,1.979984232875247E-9
1.08E-4,6.599999999999999E-5,1.979548175013357E-9
1.08E-4,7.4E-5,1.987826814969054E-9
1.08E-4,8.2E-5,1.988975425471514E-9
1.08E-4,8.999999999999999E-5,1.9509508146177815E-9
1.08E-4,9.8E-5,1.7154853731079383E-9
1.08E-4,1.06E-4,1.586838760390328E-9
1.08E-4,1.1399999999999999E-4,1.5363603824421793E-9
1.08E-4,1.22E-4,1.4508124461950778E-9
1.08E-4,1.3E-4,1.2530770348150088E-9
1.08E-4,1.38E-4,1.1011495295127752E-9
1.16E-4,2.6E-5,1.1790609451950602E-9
1.16E-4,3.4E-5,1.6141309889908055E-9
1.16E-4,4.2E-5,1.890058766532371E-9
1.16E-4,4.9999999999999996E-5,1.8305085894431933E-9
1.16E-4,5.8E-5,1.7242567165058632E-9
1.16E-4,6.599999999999999E-5,1.7330423416417638E-9
1.16E-4,7.4E-5,1.9135621950890565E-9
1.16E-4,8.2E-5,1.986501300834545E-9
1.16E-4,8.999999999999999E-5,1.9824708109832416E-9
1.16E-4,9.8E-5,1.9157357089448566E-9
1.16E-4,1.06E-4,1.8150131404890681E-9
1.16E-4,1.1399999999999999E-4,1.704410467206747E-9
1.16E-4,1.22E-4,1.545072300564691E-9
1.16E-4,1.3E-4,1.2792542645383273E-9
1.16E-4,1.38E-4,1.1056018035235408E-9
1.24E-4,2.6E-5,1.1064330521205385E-9
1.24E-4,3.4E-5,1.2644187045919371E-9
1.24E-4,4.2E-5,1.4087557356199108E-9
1.24E-4,4.9999999999999996E-5,1.377395466814354E-9
1.24E-4,5.8E-5,1.3281110037987407E-9
1.24E-4,6.599999999999999E-5,1.3725666279451492E-9
1.24E-4,7.4E-5,1.6699996848501713E-9
1.24E-4,8.2E-5,1.9663879930742864E-9
1.24E-4,8.999999999999999E-5,1.9890411171706428E-9
1.24E-4,9.8E-5,1.9878137402133048E-9
1.24E-4,1.06E-4,1.9804938289756786E-9
1.24E-4,1.1399999999999999E-4,1.9504169372771352E-9
1.24E-4,1.22E-4,1.7691212144679563E-9
1.24E-4,1.3E-4,1.3219206106183981E-9
1.24E-4,1.38E-4,1.1046754211655964E-9
1.3199999999999998E-4,2.6E-5,1.0669413629525597E-9
1.3199999999999998E-4,3.4E-5,1.1062112803872896E-9
1.3199999999999998E-4,4.2E-5,1.1662921570895237E-9
1.3199999999999998E-4,4.9999999999999996E-5,1.2059070982427025E-9
1.3199999999999998E-4,5.8E-5,1.2271966509269188E-9
1.3199999999999998E-4,6.599999999999999E-5,1.2888206894339093E-9
1.3199999999999998E-4,7.4E-5,1.5827860927208934E-9
1.3199999999999998E-4,8.2E-5,1.9518432681840603E-9
1.3199999999999998E-4,8.999999999999999E-5,1.989006851083142E-9
1.3199999999999998E-4,9.8E-5,1.9892815451330827E-9
1.3199999999999998E-4,1.06E-4,1.988946511162845E-9
1.3199999999999998E-4,1.1399999999999999E-4,1.980449098745638E-9
1.3199999999999998E-4,1.22E-4,1.7701458847632366E-9
1.3199999999999998E-4,1.3E-4,1.2770676211585717E-9
1.3199999999999998E-4,1.38E-4,1.0925349912649947E-9
1.4E-4,2.6E-5,1.051403525238714E-9
1.4E-4,3.4E-5,1.0661262210685118E-9
1.4E-4,4.2E-5,1.0988088665345886E-9
1.4E-4,4.9999999999999996E-5,1.1476133824033277E-9
1.4E-4,5.8E-5,1.1917249348996711E-9
1.4E-4,6.599999999999999E-5,1.2663671405198637E-9
1.4E-4,7.4E-5,1.5662258529850678E-9
1.4E-4,8.2E-5,1.948460821807801E-9
1.4E-4,8.999999999999999E-5,1.988762105478417E-9
1.4E-4,9.8E-5,1.988779879005338E-9
1.4E-4,1.06E-4,1.9835207014386937E-9
1.4E-4,1.1399999999999999E-4,1.885461946921823E-9
1.4E-4,1.22E-4,1.4870475205291597E-9
1.4E-4,1.3E-4,1.162178220449404E-9
1.4E-4,1.38E-4,1.0737275438152136E-9
1.48E-4,2.6E-5,1.0441784021069369E-9
1.48E-4,3.4E-5,1.0511319654909642E-9
1.48E-4,4.2E-5,1.0655705515735443E-9
1.48E-4,4.9999999999999996E-5,1.0971254375100861E-9
1.48E-4,5.8E-5,1.1449764729353686E-9
1.48E-4,6.599999999999999E-5,1.229478814619401E-9
1.48E-4,7.4E-5,1.5277251296631204E-9
1.48E-4,8.2E-5,1.9314066995857097E-9
1.48E-4,8.999999999999999E-5,1.980276148286949E-9
1.48E-4,9.8E-5,1.9581670900399745E-9
1.48E-4,1.06E-4,1.833886395180101E-9
1.48E-4,1.1399999999999999E-4,1.5128751133446167E-9
1.48E-4,1.22E-4,1.2092759683692292E-9
1.48E-4,1.3E-4,1.0927867797208849E-9
1.48E-4,1.38E-4,1.0592166605847309E-9
1.56E-4,2.6E-5,1.0398889439433932E-9
1.56E-4,3.4E-5,1.0440694608956E-9
1.56E-4,4.2E-5,1.0506241909621332E-9
1.56E-4,4.9999999999999996E-5,1.0634002991289304E-9
1.56E-4,5.8E-5,1.0902452048479614E-9
1.56E-4,6.599999999999999E-5,1.1519200873157268E-9
1.56E-4,7.4E-5,1.3521478618726266E-9
1.56E-4,8.2E-5,1.6714286915617774E-9
1.56E-4,8.999999999999999E-5,1.7138486649503944E-9
1.56E-4,9.8E-5,1.5779687369830101E-9
1.56E-4,1.06E-4,1.3643009973235614E-9
1.56E-4,1.1399999999999999E-4,1.1825223128021191E-9
1.56E-4,1.22E-4,1.0959923471458906E-9
1.56E-4,1.3E-4,1.063723939348407E-9
1.56E-4,1.38E-4,1.0498977601849644E-9
1.64E-4,2.6E-5,1.0370240581591506E-9
1.64E-4,3.4E-5,1.0399296910308856E-9
1.64E-4,4.2E-5,1.0436612968840056E-9
1.64E-4,4.9999999999999996E-5,1.0494591801878398E-9
1.64E-4,5.8E-5,1.0598987720151937E-9
1.64E-4,6.599999999999999E-5,1.0827913273341487E-9
1.64E-4,7.4E-5,1.1389611397997223E-9
1.64E-4,8.2E-5,1.2141771086832443E-9
1.64E-4,8.999999999999999E-5,1.220238079853315E-9
1.64E-4,9.8E-5,1.171617245882256E-9
1.64E-4,1.06E-4,1.1181145598449204E-9
1.64E-4,1.1399999999999999E-4,1.0814887600586215E-9
1.64E-4,1.22E-4,1.0618292477496814E-9
1.64E-4,1.3E-4,1.050690184768832E-9
1.64E-4,1.38E-4,1.043696908419692E-9